{"id":"d6235652-caa2-4d52-a439-35a63b9dd8d9","user_id":"95d38b7f-5113-4057-952b-69b591df13e0","household_id":"40a3b7b6-31ee-4306-9b03-5934f416decc","group_id":"aaff8ea4-06f5-4886-9c16-c531fc016909","name":"Pad Krapao","slug":"pad-krapao","image":null,"recipe_servings":0.0,"recipe_yield_quantity":0.0,"recipe_yield":null,"total_time":null,"prep_time":null,"cook_time":null,"perform_time":null,"description":"","recipe_category":[],"tags":[],"tools":[],"rating":null,"org_url":null,"date_added":"2025-08-22","date_updated":"2025-08-22T08:15:04.211250Z","created_at":"2025-08-22T08:15:04.213046Z","updated_at":"2025-08-22T08:15:04.213047Z","last_made":null,"recipe_ingredient":[{"quantity":0.0,"unit":null,"food":null,"note":"1 Cup Flour","display":"1 Cup Flour","title":null,"original_text":null,"reference_id":"4f922f0e-bdca-4d2d-bc1c-9cc16e8a44e4"}],"recipe_instructions":[{"id":"191ea5cb-bac5-4865-9695-e1efb2975be1","title":"","summary":"","text":"Recipe steps as well as other fields in the recipe page support markdown syntax.\n\n**Add a link**\n\n[My Link](https://demo.mealie.io)\n","ingredient_references":[]}],"nutrition":{"calories":null,"carbohydrate_content":null,"cholesterol_content":null,"fat_content":null,"fiber_content":null,"protein_content":null,"saturated_fat_content":null,"sodium_content":null,"sugar_content":null,"trans_fat_content":null,"unsaturated_fat_content":null},"settings":{"public":true,"show_nutrition":true,"show_assets":true,"landscape_view":false,"disable_comments":false,"locked":false},"assets":[],"notes":[],"extras":{},"comments":[]}