{"id":"eb9929b4-7c21-44c8-9f08-a30ca56711b2","user_id":"95d38b7f-5113-4057-952b-69b591df13e0","household_id":"40a3b7b6-31ee-4306-9b03-5934f416decc","group_id":"aaff8ea4-06f5-4886-9c16-c531fc016909","name":"Thai Pineapple Fried Rice","slug":"thai-pineapple-fried-rice","image":"svw3","recipe_servings":2.0,"recipe_yield_quantity":0.0,"recipe_yield":"","total_time":"25 minutes","prep_time":"15 minutes","cook_time":null,"perform_time":"10 minutes","description":"Thai-style sweet and spicy pineapple fried rice with red bell pepper, cashews and cilantro. This is a healthy and quick, vegetarian weeknight dinner! This dish comes together very quickly, so be sure to have your ingredients (including chilled leftover rice) prepped in advance. Recipe yields 2 large, restaurant-sized portions or 4 more modest portions.","recipe_category":[],"tags":[],"tools":[],"rating":null,"org_url":"https://cookieandkate.com/thai-pineapple-fried-rice-recipe/","date_added":"2025-08-22","date_updated":"2025-08-22T06:49:45.607419Z","created_at":"2025-08-22T06:46:29.736133Z","updated_at":"2025-08-22T06:49:45.612457Z","last_made":null,"recipe_ingredient":[{"quantity":2.0,"unit":{"id":"549fba27-6227-4265-86e3-dd69c607ebe2","name":"tablespoon","plural_name":null,"description":"","extras":{},"fraction":true,"abbreviation":"","plural_abbreviation":"","use_abbreviation":false,"aliases":[],"created_at":"2025-08-22T06:47:08.309216Z","updated_at":"2025-08-22T06:47:08.309221Z"},"food":{"id":"14c3c2a1-8ed1-45c1-9a2f-1067870bfd0f","name":"coconut oil","plural_name":null,"description":"","extras":{},"label_id":null,"aliases":[],"households_with_ingredient_food":[],"label":null,"created_at":"2025-08-22T06:47:11.925939Z","updated_at":"2025-08-22T06:47:11.925942Z"},"note":"divided","display":"2 tablespoon coconut oil divided","title":null,"original_text":"2 tablespoons coconut oil or quality vegetable oil, divided","reference_id":"4b4086b2-cb8f-459c-b2e1-4078b99d36d3"},{"quantity":2.0,"unit":null,"food":{"id":"33c03e2a-9695-4f0d-b681-271ec9d7654c","name":"eggs","plural_name":null,"description":"","extras":{},"label_id":null,"aliases":[],"households_with_ingredient_food":[],"label":null,"created_at":"2025-08-22T06:47:18.532723Z","updated_at":"2025-08-22T06:47:18.532726Z"},"note":"beaten with a dash of salt","display":"2 eggs beaten with a dash of salt","title":null,"original_text":"2 eggs, beaten with a dash of salt","reference_id":"bc21d1f2-ebc5-4d6e-924e-ddc6cba28fa2"},{"quantity":1.5,"unit":{"id":"f74af79a-fdc8-45d6-97a8-4d6510e890cf","name":"Cup","plural_name":null,"description":"","extras":{},"fraction":true,"abbreviation":"","plural_abbreviation":"","use_abbreviation":false,"aliases":[],"created_at":"2025-08-22T04:05:44.721148Z","updated_at":"2025-08-22T04:05:44.721151Z"},"food":{"id":"b0cc8ac5-c724-4dfe-9177-600dbac8e3fa","name":"fresh pineapple","plural_name":null,"description":"","extras":{},"label_id":null,"aliases":[],"households_with_ingredient_food":[],"label":null,"created_at":"2025-08-22T06:47:30.816913Z","updated_at":"2025-08-22T06:47:30.816923Z"},"note":"chopped","display":"1 ¹/₂ Cup fresh pineapple chopped","title":null,"original_text":"1 ½ cups chopped fresh pineapple","reference_id":"cc2e326f-0f14-4773-9eb0-6767f0106b17"},{"quantity":1.0,"unit":null,"food":{"id":"abe4c478-8657-4117-b564-146317a0bb07","name":"red bell pepper","plural_name":null,"description":"","extras":{},"label_id":null,"aliases":[],"households_with_ingredient_food":[],"label":null,"created_at":"2025-08-22T06:47:39.271870Z","updated_at":"2025-08-22T06:47:39.271873Z"},"note":"large, diced","display":"1 red bell pepper large, diced","title":null,"original_text":"1 large red bell pepper, diced","reference_id":"576c6e28-8e1f-4ade-9907-d80c4957bd17"},{"quantity":0.75,"unit":{"id":"f74af79a-fdc8-45d6-97a8-4d6510e890cf","name":"Cup","plural_name":null,"description":"","extras":{},"fraction":true,"abbreviation":"","plural_abbreviation":"","use_abbreviation":false,"aliases":[],"created_at":"2025-08-22T04:05:44.721148Z","updated_at":"2025-08-22T04:05:44.721151Z"},"food":{"id":"25f75a68-e72e-4048-a6d0-7a72b0adb392","name":"green onions","plural_name":null,"description":"","extras":{},"label_id":null,"aliases":[],"households_with_ingredient_food":[],"label":null,"created_at":"2025-08-22T06:47:48.908418Z","updated_at":"2025-08-22T06:47:48.908420Z"},"note":"chopped","display":"³/₄ Cup green onions chopped","title":null,"original_text":"¾ cup chopped green onions (about ½ bunch)","reference_id":"3091b14f-b24c-46f2-8ffd-e16486a964a3"},{"quantity":2.0,"unit":{"id":"326cdf84-c3a0-4bfd-a0a3-11ae6f3e41b5","name":"cloves","plural_name":null,"description":"","extras":{},"fraction":true,"abbreviation":"","plural_abbreviation":"","use_abbreviation":false,"aliases":[],"created_at":"2025-08-22T06:48:57.413714Z","updated_at":"2025-08-22T06:48:57.413717Z"},"food":{"id":"29e9c980-0410-48d1-856d-26bc4639343c","name":"garlic","plural_name":null,"description":"","extras":{},"label_id":null,"aliases":[],"households_with_ingredient_food":[],"label":null,"created_at":"2025-08-22T06:48:58.941680Z","updated_at":"2025-08-22T06:48:58.941683Z"},"note":"pressed or minced","display":"2 cloves garlic pressed or minced","title":null,"original_text":"2 cloves garlic, pressed or minced","reference_id":"3e532b6b-0754-40e7-a800-bf62cb71beff"},{"quantity":0.5,"unit":{"id":"f74af79a-fdc8-45d6-97a8-4d6510e890cf","name":"Cup","plural_name":null,"description":"","extras":{},"fraction":true,"abbreviation":"","plural_abbreviation":"","use_abbreviation":false,"aliases":[],"created_at":"2025-08-22T04:05:44.721148Z","updated_at":"2025-08-22T04:05:44.721151Z"},"food":{"id":"dfe0accb-6058-432b-8291-d78a49ae60e4","name":"raw, unsalted cashews","plural_name":null,"description":"","extras":{},"label_id":null,"aliases":[],"households_with_ingredient_food":[],"label":null,"created_at":"2025-08-22T06:48:48.994039Z","updated_at":"2025-08-22T06:48:48.994041Z"},"note":"chopped","display":"¹/₂ Cup raw, unsalted cashews chopped","title":null,"original_text":"½ cup chopped raw, unsalted cashews","reference_id":"e105c2eb-6dc1-4aaa-b8a3-746b1f2f08fc"},{"quantity":2.0,"unit":{"id":"f74af79a-fdc8-45d6-97a8-4d6510e890cf","name":"Cup","plural_name":null,"description":"","extras":{},"fraction":true,"abbreviation":"","plural_abbreviation":"","use_abbreviation":false,"aliases":[],"created_at":"2025-08-22T04:05:44.721148Z","updated_at":"2025-08-22T04:05:44.721151Z"},"food":{"id":"79e21611-a62d-4efd-84cd-63e494c268b4","name":"brown rice*","plural_name":null,"description":"","extras":{},"label_id":null,"aliases":[],"households_with_ingredient_food":[],"label":null,"created_at":"2025-08-22T06:48:40.486429Z","updated_at":"2025-08-22T06:48:40.486431Z"},"note":"cooked and chilled, preferably long-grain brown jasmine rice","display":"2 Cup brown rice* cooked and chilled, preferably long-grain brown jasmine rice","title":null,"original_text":"2 cups cooked and chilled brown rice*, preferably long-grain brown jasmine rice","reference_id":"60e8cc74-bf7b-4ed9-b213-2f31fce69ddc"},{"quantity":1.0,"unit":{"id":"549fba27-6227-4265-86e3-dd69c607ebe2","name":"tablespoon","plural_name":null,"description":"","extras":{},"fraction":true,"abbreviation":"","plural_abbreviation":"","use_abbreviation":false,"aliases":[],"created_at":"2025-08-22T06:47:08.309216Z","updated_at":"2025-08-22T06:47:08.309221Z"},"food":{"id":"d9633698-b109-4e7a-aa28-4f79bba3e8c4","name":"reduced-sodium tamari","plural_name":null,"description":"","extras":{},"label_id":null,"aliases":[],"households_with_ingredient_food":[],"label":null,"created_at":"2025-08-22T06:49:24.680788Z","updated_at":"2025-08-22T06:49:24.680791Z"},"note":"","display":"1 tablespoon reduced-sodium tamari","title":null,"original_text":"1 tablespoon reduced-sodium tamari or soy sauce","reference_id":"cc83a9b1-462b-45bd-8f99-905dda434a2c"},{"quantity":1.0,"unit":{"id":"2b83054e-1ac3-480f-b8f3-c828a14d88fe","name":"teaspoon","plural_name":null,"description":"","extras":{},"fraction":true,"abbreviation":"","plural_abbreviation":"","use_abbreviation":false,"aliases":[],"created_at":"2025-08-22T06:48:31.096884Z","updated_at":"2025-08-22T06:48:31.096886Z"},"food":{"id":"5772e67c-ceee-4148-a79b-e0320c15be8d","name":"chili garlic sauce","plural_name":null,"description":"","extras":{},"label_id":null,"aliases":[],"households_with_ingredient_food":[],"label":null,"created_at":"2025-08-22T06:48:33.444538Z","updated_at":"2025-08-22T06:48:33.444541Z"},"note":"","display":"1 teaspoon chili garlic sauce","title":null,"original_text":"1 to 2 teaspoons chili garlic sauce or sriracha","reference_id":"b9f165f1-1fbe-424a-9917-19696c9f9b55"},{"quantity":1.0,"unit":null,"food":{"id":"7d418f16-000d-47cd-815a-97978714a977","name":"lime","plural_name":null,"description":"","extras":{},"label_id":null,"aliases":[],"households_with_ingredient_food":[],"label":null,"created_at":"2025-08-22T06:48:27.711416Z","updated_at":"2025-08-22T06:48:27.711419Z"},"note":"small, halved","display":"1 lime small, halved","title":null,"original_text":"1 small lime, halved","reference_id":"723fc10c-2f01-448b-aa48-e8fa5b026d22"},{"quantity":0.0,"unit":null,"food":{"id":"32dc459f-6bc7-4454-9ca2-7e181f5815a7","name":"Salt","plural_name":null,"description":"","extras":{},"label_id":null,"aliases":[],"households_with_ingredient_food":[],"label":null,"created_at":"2025-08-22T06:48:22.985054Z","updated_at":"2025-08-22T06:48:22.985057Z"},"note":"to taste","display":"Salt to taste","title":null,"original_text":"Salt, to taste","reference_id":"e75b2a19-f183-4fca-b1af-6abea9787ed0"},{"quantity":1.0,"unit":{"id":"b7421837-c8d2-40ec-9f93-9d9260f6e9df","name":"Handful","plural_name":null,"description":"","extras":{},"fraction":true,"abbreviation":"","plural_abbreviation":"","use_abbreviation":false,"aliases":[],"created_at":"2025-08-22T06:48:02.270029Z","updated_at":"2025-08-22T06:48:02.270032Z"},"food":{"id":"251a20d1-4369-4abb-b964-248ab4471925","name":"fresh cilantro leaves","plural_name":null,"description":"","extras":{},"label_id":null,"aliases":[],"households_with_ingredient_food":[],"label":null,"created_at":"2025-08-22T06:48:19.818861Z","updated_at":"2025-08-22T06:48:19.818864Z"},"note":"torn into little pieces","display":"1 Handful fresh cilantro leaves torn into little pieces","title":null,"original_text":"Handful of fresh cilantro leaves, torn into little pieces, for garnishing","reference_id":"a1692da9-e981-4a38-ba8e-1f601c1d1f13"}],"recipe_instructions":[{"id":"d050bdbf-9279-4cfc-a685-be28f3cc1a7c","title":"","summary":"","text":"Heat a large wok, cast iron skillet or non-stick frying pan over medium-high heat and place an empty serving bowl nearby. Once the pan is hot enough that a drop of water sizzles on contact, add 1 teaspoon oil. Pour in the eggs and cook, stirring frequently, until the eggs are scrambled and lightly set, about 30 seconds to 1 minute. Transfer the eggs to the empty bowl. Wipe out the pan if necessary with a paper towel (be careful, it’s hot!).","ingredient_references":[]},{"id":"4b45943b-5266-4735-8235-c36ecdd54e9b","title":"","summary":"","text":"Add 1 tablespoon oil to the pan and add the pineapple and red pepper. Cook, stirring constantly, until the liquid has evaporated and the pineapple is caramelized on the edges, about 3 to 5 minutes. Then add the green onion and garlic. Cook until fragrant while stirring constantly, about 30 seconds. Transfer the contents of the pan to your bowl of eggs.","ingredient_references":[]},{"id":"2202f542-7e37-4092-a88f-7287906f05a5","title":"","summary":"","text":"Reduce the heat to medium and add the remaining 2 teaspoons oil to the pan. Pour in the cashews and cook until fragrant, stirring constantly, about 30 seconds. Add the rice to the pan and stir to combine. Cook until the rice is hot, stirring occasionally, about 3 minutes.","ingredient_references":[]},{"id":"49702f07-1eef-4627-ad6c-42c92d968292","title":"","summary":"","text":"Pour the contents of the bowl back into the pan and stir to combine, breaking up the scrambled eggs with your spoon. Cook until the contents are warmed through, then remove the pan from heat. Add the tamari and chili garlic sauce, to taste. Squeeze the juice of ½ lime over the dish and stir to combine. Season to taste with salt and set aside.","ingredient_references":[]},{"id":"5d4a9443-2c9a-4dad-902e-27f6d909d672","title":"","summary":"","text":"Slice the remaining ½ lime into 4 wedges. Transfer the stir-fry to individual serving bowls and garnish each bowl with a lime wedge and a light sprinkle of cilantro. Serve with bottles of tamari and chili garlic sauce or sriracha on the side, for those who might want to add more to their bowls.","ingredient_references":[]}],"nutrition":{"calories":"349","carbohydrate_content":"39.4","cholesterol_content":"93","fat_content":"17.4","fiber_content":"3.3","protein_content":"10.1","saturated_fat_content":"7.9","sodium_content":"389.7","sugar_content":"7.1","trans_fat_content":"0","unsaturated_fat_content":null},"settings":{"public":true,"show_nutrition":true,"show_assets":true,"landscape_view":false,"disable_comments":false,"locked":false},"assets":[],"notes":[],"extras":{},"comments":[]}