{"id":"0fb413c6-a88f-460e-bcc7-6e659b8d5f42","user_id":"95d38b7f-5113-4057-952b-69b591df13e0","household_id":"40a3b7b6-31ee-4306-9b03-5934f416decc","group_id":"aaff8ea4-06f5-4886-9c16-c531fc016909","name":"Griechenland Bowl","slug":"griechenland-bowl","image":"cqPC","recipe_servings":4.0,"recipe_yield_quantity":0.0,"recipe_yield":"","total_time":"1 Stunde 30 Minuten","prep_time":"45 Minuten","cook_time":null,"perform_time":null,"description":"Probiere Griechenland Bowl jetzt bei FOOBY. Oder entdecke weitere feine Rezepte aus unserer Kategorie mediterrane Küche.","recipe_category":[{"id":"6ba8ba47-8a90-48b8-9c62-a56c2e3a5b9c","group_id":"aaff8ea4-06f5-4886-9c16-c531fc016909","name":"Hauptgang","slug":"hauptgang"}],"tags":[{"id":"5a27e200-0109-407a-b391-32ed8c2d1318","group_id":"aaff8ea4-06f5-4886-9c16-c531fc016909","name":"Salat","slug":"salat"},{"id":"75b2c9ac-02e2-469e-a544-5ec802f03e59","group_id":"aaff8ea4-06f5-4886-9c16-c531fc016909","name":"Fleisch","slug":"fleisch"}],"tools":[],"rating":null,"org_url":"https://fooby.ch/de/rezepte/28419/griechenland-bowl","date_added":"2025-08-22","date_updated":"2025-08-22T06:13:08.329117Z","created_at":"2025-08-22T06:06:16.085227Z","updated_at":"2025-08-22T06:13:08.334681Z","last_made":null,"recipe_ingredient":[{"quantity":0.0,"unit":null,"food":null,"note":"1 EL Sultaninen","display":"1 EL Sultaninen","title":null,"original_text":null,"reference_id":"3ba9cbce-fb05-46fb-ac34-ea666fed23f5"},{"quantity":0.0,"unit":null,"food":null,"note":"400 g Hackfleisch (Rind)","display":"400 g Hackfleisch (Rind)","title":null,"original_text":null,"reference_id":"9283c342-0c2e-424e-aaf6-a302ad185c07"},{"quantity":0.0,"unit":null,"food":null,"note":"1 Gurken","display":"1 Gurken","title":null,"original_text":null,"reference_id":"ab996dee-c7ec-4887-9699-fda77ebad486"},{"quantity":0.0,"unit":null,"food":null,"note":"3 Knoblauchzehen","display":"3 Knoblauchzehen","title":null,"original_text":null,"reference_id":"6955f354-e001-496d-8418-a8d833c6e102"},{"quantity":0.0,"unit":null,"food":null,"note":"4 Zweiglein Pfefferminze","display":"4 Zweiglein Pfefferminze","title":null,"original_text":null,"reference_id":"83054de6-5d64-4539-b4da-9998cac7d3a7"},{"quantity":0.0,"unit":null,"food":null,"note":"1 Zwiebeln","display":"1 Zwiebeln","title":null,"original_text":null,"reference_id":"29128b3b-c07c-46ba-918f-ee8b60f8d64d"},{"quantity":0.0,"unit":null,"food":null,"note":"1 Bio-Zitronen","display":"1 Bio-Zitronen","title":null,"original_text":null,"reference_id":"3d9044c0-1450-4e92-9b17-2167a70ebc80"},{"quantity":0.0,"unit":null,"food":null,"note":"180 g Cherry-Tomaten","display":"180 g Cherry-Tomaten","title":null,"original_text":null,"reference_id":"20a8be03-34b7-4af4-aa83-5e76a61b9a61"},{"quantity":0.0,"unit":null,"food":null,"note":"4 Snack-Gurken","display":"4 Snack-Gurken","title":null,"original_text":null,"reference_id":"06d2367b-397d-460d-b654-658dca516122"},{"quantity":0.0,"unit":null,"food":null,"note":"1 TL Salz","display":"1 TL Salz","title":null,"original_text":null,"reference_id":"aef1dde9-632f-4cfd-a45e-3f561f2dd617"},{"quantity":0.0,"unit":null,"food":null,"note":"Salz, Pfeffer, nach Bedarf","display":"Salz, Pfeffer, nach Bedarf","title":null,"original_text":null,"reference_id":"86b30709-fd1c-4ecb-bccb-f41cf69f6f8d"},{"quantity":0.0,"unit":null,"food":null,"note":"1 TL getrockneter Oregano","display":"1 TL getrockneter Oregano","title":null,"original_text":null,"reference_id":"013be443-6d45-4923-af83-1027c5c5679a"},{"quantity":0.0,"unit":null,"food":null,"note":"wenig Muskat","display":"wenig Muskat","title":null,"original_text":null,"reference_id":"f04eac44-d632-4ce5-94f1-b5220db5f780"},{"quantity":0.0,"unit":null,"food":null,"note":"wenig Pfeffer","display":"wenig Pfeffer","title":null,"original_text":null,"reference_id":"c2a8b887-117f-4441-adb9-d5f9b6a7d960"},{"quantity":0.0,"unit":null,"food":null,"note":"½ EL getrockneter Oregano","display":"½ EL getrockneter Oregano","title":null,"original_text":null,"reference_id":"40344d7f-4562-42b3-992a-3e731de0b10f"},{"quantity":0.0,"unit":null,"food":null,"note":"200 g griechischer Jogurt nature","display":"200 g griechischer Jogurt nature","title":null,"original_text":null,"reference_id":"c8e9dd2d-2ee0-4c69-854d-e1b58e628313"},{"quantity":0.0,"unit":null,"food":null,"note":"1 dl Milch","display":"1 dl Milch","title":null,"original_text":null,"reference_id":"5cf9c846-a6c5-4e5a-ba97-2d169771ba97"},{"quantity":0.0,"unit":null,"food":null,"note":"180 g Feta","display":"180 g Feta","title":null,"original_text":null,"reference_id":"180674b8-277c-4c17-869c-77e8d8129885"},{"quantity":0.0,"unit":null,"food":null,"note":"60 g Kalamata-Oliven","display":"60 g Kalamata-Oliven","title":null,"original_text":null,"reference_id":"1d26fb7f-3325-41d6-9249-cb616f9378f2"},{"quantity":0.0,"unit":null,"food":null,"note":"40 g Paniermehl","display":"40 g Paniermehl","title":null,"original_text":null,"reference_id":"d4c4b85c-a307-40ed-ae05-ecb36ef238ec"},{"quantity":0.0,"unit":null,"food":null,"note":"150 g Pasta","display":"150 g Pasta","title":null,"original_text":null,"reference_id":"e8ec7966-5ff8-4818-a370-6a8a3ac4af7e"},{"quantity":0.0,"unit":null,"food":null,"note":"5 EL Olivenöl","display":"5 EL Olivenöl","title":null,"original_text":null,"reference_id":"59cd70a3-b87d-4208-99b2-745c644a69db"},{"quantity":0.0,"unit":null,"food":null,"note":"1 EL Aceto balsamico bianco","display":"1 EL Aceto balsamico bianco","title":null,"original_text":null,"reference_id":"44adc66a-4a95-48ea-98e1-84730446e869"}],"recipe_instructions":[{"id":"91a59372-7dbf-4009-a1b3-20b113a9fa18","title":"","summary":"","text":"Tzatziki","ingredient_references":[]},{"id":"fe93055f-98b4-42eb-9cac-67c42e36c699","title":"","summary":"","text":"Gurke mit dem Salz mischen, in ein Sieb geben und ca. 30 Min. ziehen lassen. Gurke gut ausdrücken (von Hand oder mit einem sauberen Gazetuch),in eine Schüssel geben. Joghurt, Knoblauch und Minze beigeben, mischen, würzen. Tzatziki bis zum Servieren zugedeckt im Kühlschrank aufbewahren.","ingredient_references":[]},{"id":"8bf73f34-9bd3-423c-bfa7-fe76ccac3537","title":"","summary":"","text":"Hackbällchen","ingredient_references":[]},{"id":"9be0b155-4f0f-41d3-ad10-0b83986aadd8","title":"","summary":"","text":"Paniermehl und Milch in eine Schüssel geben, zugedeckt ca. 15. Min. quellen lassen. Öl in einer Pfanne erwärmen. Zwiebel und Knoblauch ca. 5 Min. dämpfen, zum Paniermehl in die Schüssel geben. Hackfleisch und Sultaninen beigeben, würzen, von Hand gut kneten, bis sich die Zutaten zu einer kompakten Masse verbinden. Mit nassen Händen zu 28 Bällchen formen.","ingredient_references":[]},{"id":"1ae82515-be96-44f6-983c-9eb136eabf25","title":"","summary":"","text":"Hackbällchen braten","ingredient_references":[]},{"id":"3b7b4da0-d4ad-494f-8bbe-c8742f592a4c","title":"","summary":"","text":"Öl in einer weiten beschichteten Bratpfanne erhitzen. Hackbällchen rundum ca. 6 Min. braten.","ingredient_references":[]},{"id":"6be1200c-3ac1-4272-957b-296d43004716","title":"","summary":"","text":"Risoni im siedenden Salzwasser ca. 8 Min. al dente kochen. Risoni abtropfen, mit Zitronenschale, Zitronensaft, Aceto, Öl, Oregano, Feta und Oliven mischen.","ingredient_references":[]},{"id":"48e0cf69-c180-460c-8f89-db4a66681f43","title":"","summary":"","text":"Bowl","ingredient_references":[]},{"id":"3193935e-29ee-4be0-8862-8853a127b0d0","title":"","summary":"","text":"Risoni mit Hackbällchen, Tzatziki, mit Cherry-Tomaten und Snack-Gurke in Bowls anrichten, mit Pfefferminze garnieren, Öl darüberträufeln.","ingredient_references":[]}],"nutrition":{"calories":"712","carbohydrate_content":"49","cholesterol_content":null,"fat_content":"37","fiber_content":null,"protein_content":"41","saturated_fat_content":null,"sodium_content":null,"sugar_content":null,"trans_fat_content":null,"unsaturated_fat_content":null},"settings":{"public":false,"show_nutrition":false,"show_assets":false,"landscape_view":false,"disable_comments":false,"locked":false},"assets":[],"notes":[],"extras":{},"comments":[]}