{"id":"df3665a1-a3cf-41b1-b1be-e82eadafcea9","user_id":"95d38b7f-5113-4057-952b-69b591df13e0","household_id":"40a3b7b6-31ee-4306-9b03-5934f416decc","group_id":"aaff8ea4-06f5-4886-9c16-c531fc016909","name":"Rohlik s maslem","slug":"rohlik-s-maslem","image":"84","recipe_servings":1.0,"recipe_yield_quantity":0.0,"recipe_yield":null,"total_time":"2","prep_time":"2","cook_time":null,"perform_time":"0","description":"","recipe_category":[],"tags":[],"tools":[],"rating":null,"org_url":null,"date_added":"2025-08-22","date_updated":"2025-08-22T08:30:43.731974Z","created_at":"2025-08-22T08:26:19.022937Z","updated_at":"2025-08-22T08:30:43.735555Z","last_made":null,"recipe_ingredient":[{"quantity":1.0,"unit":{"id":"fc3ef4cd-1f3f-47e6-b3dd-bba7ec1a0fef","name":"ks","plural_name":null,"description":"","extras":{},"fraction":true,"abbreviation":"","plural_abbreviation":"","use_abbreviation":false,"aliases":[],"created_at":"2025-08-22T08:27:03.912964Z","updated_at":"2025-08-22T08:27:03.912967Z"},"food":{"id":"b3f25bc0-18cf-4235-9c83-3a4f55e592ae","name":"rohlik","plural_name":null,"description":"","extras":{},"label_id":null,"aliases":[],"households_with_ingredient_food":[],"label":null,"created_at":"2025-08-22T08:27:18.950754Z","updated_at":"2025-08-22T08:27:18.950757Z"},"note":"","display":"1 ks rohlik","title":null,"original_text":null,"reference_id":"51c5daec-c998-4d66-8418-d7f12465c80e"},{"quantity":10.0,"unit":{"id":"3b2b2e6b-97ab-4c90-8f7d-47f3d42cf408","name":"g","plural_name":null,"description":"","extras":{},"fraction":true,"abbreviation":"","plural_abbreviation":"","use_abbreviation":false,"aliases":[],"created_at":"2025-08-22T06:08:04.956668Z","updated_at":"2025-08-22T06:08:04.956671Z"},"food":{"id":"6960b8b5-c452-43d3-8980-b61933184536","name":"máslo","plural_name":null,"description":"","extras":{},"label_id":null,"aliases":[],"households_with_ingredient_food":[],"label":null,"created_at":"2025-08-22T08:28:43.186837Z","updated_at":"2025-08-22T08:28:43.186840Z"},"note":"","display":"10 g máslo","title":"","original_text":null,"reference_id":"219b1055-e465-4b5d-adf8-24822903bd6b"}],"recipe_instructions":[{"id":"46a29aa2-b323-4f6c-8a9c-3548a7fb1e46","title":"","summary":"Příprava","text":"Vyndej rohlik","ingredient_references":[]},{"id":"fc7b8285-694c-4e5b-9101-99f9bdb21a66","title":"","summary":"Mazání","text":"Namaž rohlik","ingredient_references":[]},{"id":"0e603c26-f090-429c-bcf8-2fa134ab34f0","title":"","summary":"Konzumace","text":"Sněz rohlik","ingredient_references":[]}],"nutrition":{"calories":null,"carbohydrate_content":null,"cholesterol_content":null,"fat_content":null,"fiber_content":null,"protein_content":null,"saturated_fat_content":null,"sodium_content":null,"sugar_content":null,"trans_fat_content":null,"unsaturated_fat_content":null},"settings":{"public":true,"show_nutrition":true,"show_assets":true,"landscape_view":false,"disable_comments":false,"locked":false},"assets":[],"notes":[],"extras":{},"comments":[]}