{"id":"b57080db-0ae8-4fa3-bdbb-574ad2ec88f1","user_id":"95d38b7f-5113-4057-952b-69b591df13e0","household_id":"40a3b7b6-31ee-4306-9b03-5934f416decc","group_id":"aaff8ea4-06f5-4886-9c16-c531fc016909","name":"Gegrillter Schafskäse mit Knoblauchtomaten von Tickerix","slug":"gegrillter-schafskase-mit-knoblauchtomaten-von-tickerix","image":"OSW8","recipe_servings":2.0,"recipe_yield_quantity":0.0,"recipe_yield":"","total_time":"30 Minuten","prep_time":"15 Minuten","cook_time":null,"perform_time":"15 Minuten","description":"Gegrillter Schafskäse mit Knoblauchtomaten - lecker und low carb.","recipe_category":[],"tags":[],"tools":[],"rating":null,"org_url":"https://www.chefkoch.de/rezepte/2241701359108718/Gegrillter-Schafskaese-mit-Knoblauchtomaten.html","date_added":"2025-08-22","date_updated":"2025-08-22T07:13:09.509331Z","created_at":"2025-08-22T07:09:29.116284Z","updated_at":"2025-08-22T07:13:09.514645Z","last_made":null,"recipe_ingredient":[{"quantity":7.0,"unit":{"id":"326cdf84-c3a0-4bfd-a0a3-11ae6f3e41b5","name":"cloves","plural_name":null,"description":"","extras":{},"fraction":true,"abbreviation":"","plural_abbreviation":"","use_abbreviation":false,"aliases":[],"created_at":"2025-08-22T06:48:57.413714Z","updated_at":"2025-08-22T06:48:57.413717Z"},"food":{"id":"29e9c980-0410-48d1-856d-26bc4639343c","name":"garlic","plural_name":null,"description":"","extras":{},"label_id":null,"aliases":[],"households_with_ingredient_food":[],"label":null,"created_at":"2025-08-22T06:48:58.941680Z","updated_at":"2025-08-22T06:48:58.941683Z"},"note":"7 Zehe/n Knoblauch","display":"7 cloves garlic 7 Zehe/n Knoblauch","title":null,"original_text":null,"reference_id":"77454881-8178-4d45-8269-41398b825c62"},{"quantity":0.0,"unit":{"id":"f630d853-b099-4f44-8bae-e4cd259cdfa7","name":"EL","plural_name":null,"description":"","extras":{},"fraction":true,"abbreviation":"","plural_abbreviation":"","use_abbreviation":false,"aliases":[],"created_at":"2025-08-22T06:07:09.488539Z","updated_at":"2025-08-22T06:07:09.488542Z"},"food":null,"note":"5 EL Olivenöl","display":"5 EL Olivenöl","title":null,"original_text":null,"reference_id":"c4f14a2f-4775-4364-9d27-958b5227cf60"},{"quantity":0.0,"unit":null,"food":null,"note":"600 g Schafskäse","display":"600 g Schafskäse","title":null,"original_text":null,"reference_id":"2ff03a1d-eb71-4f57-8a5e-b0f0b86fd801"},{"quantity":0.0,"unit":null,"food":null,"note":"5 m.-große Tomate(n) (reife)","display":"5 m.-große Tomate(n) (reife)","title":null,"original_text":null,"reference_id":"22b1ac5d-c6a8-4855-b959-454cfbbeb576"},{"quantity":0.0,"unit":null,"food":null,"note":"Salz und Pfeffer, schwarzer (aus der Mühle)","display":"Salz und Pfeffer, schwarzer (aus der Mühle)","title":null,"original_text":null,"reference_id":"a1837e67-67bd-4a85-a1aa-9791a7186067"},{"quantity":0.0,"unit":null,"food":null,"note":"1 Bund Basilikum","display":"1 Bund Basilikum","title":null,"original_text":null,"reference_id":"cb4235fc-47dd-4093-9c91-43767d5957d3"}],"recipe_instructions":[{"id":"32b9aebd-1597-4385-ae3b-3183b24a6103","title":"","summary":"","text":"Den Backofen am besten mit Umluft-Grill auf 220 °C vorheizen.","ingredient_references":[]},{"id":"3bec5a65-18f0-4a31-85ee-363f0823dddb","title":"","summary":"","text":"Die Knoblauchzehen schälen und mit der Knoblauchpresse in das Olivenöl drücken. Den Schafskäse mit einem scharfen Messer in 1/2 cm dicke Scheiben schneiden und in eine Auflaufform legen. Mit der Hälfte des Knoblauchöls beträufeln.","ingredient_references":[]},{"id":"29486588-3192-4a99-b07f-12efde60b124","title":"","summary":"","text":"Die Tomaten waschen, trocknen, den Stielansatz entfernen und halbieren. Mit der Schnittfläche nach oben auf den Schafskäse setzen, salzen, pfeffern und mit dem restlichen Knoblauchöl beträufeln.","ingredient_references":[]},{"id":"2d5bceb4-6617-473f-97e6-e7fd2d92e857","title":"","summary":"","text":"Auf der 2. Schiene von unten in den heißen Ofen schieben und ca. 15 Minuten backen - das variiert sehr nach Ofen.","ingredient_references":[]},{"id":"c5836b23-544d-4366-943a-ffed9f7c979b","title":"","summary":"","text":"Den Grill einschalten und auf der mittleren Schiene noch ein paar Minuten zu Ende grillen, bis der Käse leicht gebräunt ist und die Tomaten entsprechend gegrillt aussehen.","ingredient_references":[]},{"id":"0f3cabb5-6d18-4438-a06a-2d1f11ce0175","title":"","summary":"","text":"Währenddessen das Basilikum abzupfen, waschen und in feine Streifen schneiden. Den gegrillten Käse und die Tomaten damit bestreuen.","ingredient_references":[]}],"nutrition":{"calories":"1078","carbohydrate_content":"13.9","cholesterol_content":null,"fat_content":"90.44","fiber_content":null,"protein_content":"50.75","saturated_fat_content":null,"sodium_content":null,"sugar_content":null,"trans_fat_content":null,"unsaturated_fat_content":null},"settings":{"public":true,"show_nutrition":true,"show_assets":true,"landscape_view":false,"disable_comments":false,"locked":false},"assets":[],"notes":[],"extras":{},"comments":[]}