{"id":"ca2be0fd-e7fa-45ec-aa44-d28c0740d1cc","user_id":"95d38b7f-5113-4057-952b-69b591df13e0","household_id":"40a3b7b6-31ee-4306-9b03-5934f416decc","group_id":"aaff8ea4-06f5-4886-9c16-c531fc016909","name":"Boulettes de Courgettes au Four","slug":"boulettes-de-courgettes-au-four","image":null,"recipe_servings":4.0,"recipe_yield_quantity":0.0,"recipe_yield":null,"total_time":null,"prep_time":null,"cook_time":null,"perform_time":"20 à 25 min","description":"<img src=\"/api/media/recipes/ca2be0fd-e7fa-45ec-aa44-d28c0740d1cc/assets/capture-decran-2025-08-22-102030-jpg.jpg\" height=\"100%\" width=\"100%\"/>","recipe_category":[],"tags":[],"tools":[],"rating":4.0,"org_url":null,"date_added":"2025-08-22","date_updated":"2025-08-22T08:20:06.771584Z","created_at":"2025-08-22T08:11:44.197365Z","updated_at":"2025-08-22T08:20:06.775551Z","last_made":null,"recipe_ingredient":[{"quantity":2.0,"unit":null,"food":{"id":"5499b83c-10c2-4b6b-b3f6-88e2d564db5a","name":"courgettes","plural_name":null,"description":"","extras":{},"label_id":null,"aliases":[],"households_with_ingredient_food":[],"label":null,"created_at":"2025-08-22T08:12:18.181078Z","updated_at":"2025-08-22T08:12:18.181081Z"},"note":"","display":"2 courgettes","title":null,"original_text":null,"reference_id":"04b883ce-c8c5-4a54-a13a-2a54deffb0d0"},{"quantity":1.0,"unit":null,"food":null,"note":"œuf","display":"1 œuf","title":"","original_text":null,"reference_id":"a4ce3f4c-656e-4b14-8ab6-d12661bb6ddf"},{"quantity":60.0,"unit":{"id":"3b2b2e6b-97ab-4c90-8f7d-47f3d42cf408","name":"g","plural_name":null,"description":"","extras":{},"fraction":true,"abbreviation":"","plural_abbreviation":"","use_abbreviation":false,"aliases":[],"created_at":"2025-08-22T06:08:04.956668Z","updated_at":"2025-08-22T06:08:04.956671Z"},"food":null,"note":"chapelure (ou plus selon texture)","display":"60 g chapelure (ou plus selon texture)","title":"","original_text":null,"reference_id":"74bd9ff2-a515-4d08-96eb-64a7cadfc34c"},{"quantity":50.0,"unit":{"id":"3b2b2e6b-97ab-4c90-8f7d-47f3d42cf408","name":"g","plural_name":null,"description":"","extras":{},"fraction":true,"abbreviation":"","plural_abbreviation":"","use_abbreviation":false,"aliases":[],"created_at":"2025-08-22T06:08:04.956668Z","updated_at":"2025-08-22T06:08:04.956671Z"},"food":null,"note":"parmesan râpé","display":"50 g parmesan râpé","title":"","original_text":null,"reference_id":"45ee213c-5561-45d2-a304-8efd7a29eea6"},{"quantity":1.0,"unit":null,"food":null,"note":"gousse d’ail, hachée finement","display":"1 gousse d’ail, hachée finement","title":"","original_text":null,"reference_id":"a2299421-bc3c-43bb-a9ef-e51f316ac223"},{"quantity":1.0,"unit":null,"food":null,"note":"petit oignon, râpé ou très finement émincé","display":"1 petit oignon, râpé ou très finement émincé","title":"","original_text":null,"reference_id":"fc46f4f3-5f42-460e-8323-4d3997218bd2"},{"quantity":null,"unit":null,"food":null,"note":"Herbes fraîches (persil, basilic ou menthe)","display":"Herbes fraîches (persil, basilic ou menthe)","title":"","original_text":null,"reference_id":"be607f38-3de3-47b7-a9a5-f770a30f73d5"},{"quantity":null,"unit":null,"food":null,"note":"Sel, poivre","display":"Sel, poivre","title":"","original_text":null,"reference_id":"ca1a942b-0fa8-4e04-8b7b-b87c7a9bea3e"},{"quantity":null,"unit":null,"food":null,"note":"Un filet d’huile d’olive (pour la cuisson)","display":"Un filet d’huile d’olive (pour la cuisson)","title":"","original_text":null,"reference_id":"25f2a4bb-884b-4864-93dd-535581829b8c"}],"recipe_instructions":[{"id":"6b4402c3-4f40-48a9-b3f1-158f45bc9345","title":"","summary":"Préparer les courgettes","text":"Râpez les courgettes et salez-les légèrement.\nLaissez-les dégorger 10 minutes dans une passoire.\nPressez-les ensuite entre vos mains ou dans un torchon pour retirer un maximum d’eau.\n","ingredient_references":[]},{"id":"8812de6f-8d17-41e1-9301-e9fbcc7bb0a5","title":"","summary":"Mélanger les ingrédients","text":"Dans un saladier, mélangez : courgettes râpées, œuf, ail, oignon, herbes fraîches, parmesan, sel, poivre et chapelure.\nAjustez la quantité de chapelure si la préparation est trop humide : la pâte doit permettre de former des boulettes qui se tiennent bien.","ingredient_references":[]},{"id":"cd7ca7e1-1671-4448-aba2-dbb601b1ec0e","title":"","summary":"Former les boulettes","text":"Façonnez des boulettes de la taille d’une noix.\nDisposez-les sur une plaque recouverte de papier cuisson.","ingredient_references":[]},{"id":"6a246359-edc7-4c7f-8d0c-dd5d9f813026","title":"","summary":"Cuisson","text":"Préchauffez le four à 200°C (chaleur tournante si possible) ou l'air Fryer\nBadigeonnez légèrement les boulettes d’huile d’olive.\nEnfournez 20 à 25 minutes, en les retournant à mi-cuisson, jusqu’à ce qu’elles soient bien dorées.\n","ingredient_references":[]}],"nutrition":{"calories":null,"carbohydrate_content":null,"cholesterol_content":null,"fat_content":null,"fiber_content":null,"protein_content":null,"saturated_fat_content":null,"sodium_content":null,"sugar_content":null,"trans_fat_content":null,"unsaturated_fat_content":null},"settings":{"public":true,"show_nutrition":true,"show_assets":true,"landscape_view":false,"disable_comments":false,"locked":false},"assets":[{"name":"Capture d’écran 2025-08-22 102030.jpg","icon":"mdi-file-image","file_name":"capture-decran-2025-08-22-102030-jpg.jpg"}],"notes":[],"extras":{},"comments":[]}