{"id":"71439ff2-37c7-4f9e-a4c5-3e130707d481","user_id":"95d38b7f-5113-4057-952b-69b591df13e0","household_id":"40a3b7b6-31ee-4306-9b03-5934f416decc","group_id":"aaff8ea4-06f5-4886-9c16-c531fc016909","name":"jkl","slug":"jkl","image":null,"recipe_servings":0.0,"recipe_yield_quantity":0.0,"recipe_yield":null,"total_time":null,"prep_time":null,"cook_time":null,"perform_time":null,"description":"","recipe_category":[],"tags":[],"tools":[],"rating":null,"org_url":null,"date_added":"2025-08-22","date_updated":"2025-08-22T08:31:55.089717Z","created_at":"2025-08-22T08:31:55.092252Z","updated_at":"2025-08-22T08:31:55.092253Z","last_made":null,"recipe_ingredient":[{"quantity":0.0,"unit":null,"food":null,"note":"1 Taza de harina","display":"1 Taza de harina","title":null,"original_text":null,"reference_id":"6fa86798-773b-4045-9f43-ce8506945f50"}],"recipe_instructions":[{"id":"fd53c88e-1c9a-4792-8f13-8306afda12b5","title":"","summary":"","text":"Los pasos de receta, así como otros campos en la página de recetas, soportan sintaxis Markdown.\n\n**Agregar un enlace**\n\n[Mi Enlace](https://demo.mealie.io)\n","ingredient_references":[]}],"nutrition":{"calories":null,"carbohydrate_content":null,"cholesterol_content":null,"fat_content":null,"fiber_content":null,"protein_content":null,"saturated_fat_content":null,"sodium_content":null,"sugar_content":null,"trans_fat_content":null,"unsaturated_fat_content":null},"settings":{"public":true,"show_nutrition":true,"show_assets":true,"landscape_view":false,"disable_comments":false,"locked":false},"assets":[],"notes":[],"extras":{},"comments":[]}