{"id":"a1c3b6be-7899-4e02-8667-17c6c896fa26","user_id":"95d38b7f-5113-4057-952b-69b591df13e0","household_id":"40a3b7b6-31ee-4306-9b03-5934f416decc","group_id":"aaff8ea4-06f5-4886-9c16-c531fc016909","name":"Quiche à l'oseille","slug":"quiche-a-l-oseille","image":"32ht","recipe_servings":6.0,"recipe_yield_quantity":0.0,"recipe_yield":"","total_time":"50 minutes","prep_time":"15 minutes","cook_time":null,"perform_time":"35 minutes","description":"pâte brisée, oeuf, crème fraîche, oseille, parmesan râpé","recipe_category":[],"tags":[{"id":"009737d4-3663-4f8c-8290-bf428011ff82","group_id":"aaff8ea4-06f5-4886-9c16-c531fc016909","name":"Très Facile","slug":"tres-facile"},{"id":"1252a34d-2f6a-4d58-be6a-60284a73f64d","group_id":"aaff8ea4-06f5-4886-9c16-c531fc016909","name":"Parmesan Râpé","slug":"parmesan-rape"},{"id":"2635ac33-0b90-4e38-9c95-66baa6493b17","group_id":"aaff8ea4-06f5-4886-9c16-c531fc016909","name":"Pâte Brisée","slug":"pate-brisee"},{"id":"386c190c-a587-4487-b359-7f4a8e7ded95","group_id":"aaff8ea4-06f5-4886-9c16-c531fc016909","name":"Bon Marché","slug":"bon-marche"},{"id":"3d993134-4906-48df-ae18-bb234165a08b","group_id":"aaff8ea4-06f5-4886-9c16-c531fc016909","name":"Oseille","slug":"oseille"},{"id":"ab2b379e-885c-4529-a104-2834aa1f9755","group_id":"aaff8ea4-06f5-4886-9c16-c531fc016909","name":"Crème Fraîche","slug":"creme-fraiche"},{"id":"b1183c01-1b69-4114-a24d-1d593a0b4634","group_id":"aaff8ea4-06f5-4886-9c16-c531fc016909","name":"Quiche À L'Oseille","slug":"quiche-a-l-oseille"},{"id":"dd5feca9-2a2d-475b-ac76-0bff12b5e416","group_id":"aaff8ea4-06f5-4886-9c16-c531fc016909","name":"Oeuf","slug":"oeuf"}],"tools":[],"rating":null,"org_url":"https://www.marmiton.org/recettes/recette_quiche-a-l-oseille_20072.aspx","date_added":"2025-08-22","date_updated":"2025-08-22T05:07:24.849091Z","created_at":"2025-08-22T05:07:24.852559Z","updated_at":"2025-08-22T05:07:24.852561Z","last_made":null,"recipe_ingredient":[{"quantity":0.0,"unit":null,"food":null,"note":"1 pâtes brisées","display":"1 pâtes brisées","title":null,"original_text":null,"reference_id":"6fd6185f-cd8c-4aff-a8f4-1e5a924de7dd"},{"quantity":0.0,"unit":null,"food":null,"note":"3 oeufs","display":"3 oeufs","title":null,"original_text":null,"reference_id":"a7300237-2622-4a88-9be4-027be3356f97"},{"quantity":0.0,"unit":null,"food":null,"note":"200 g de crème fraîche","display":"200 g de crème fraîche","title":null,"original_text":null,"reference_id":"68a09e3c-af06-4226-b8ba-b9099e4a2f69"},{"quantity":0.0,"unit":null,"food":null,"note":"350 g d'oseille (fraîche ou surgelée)","display":"350 g d'oseille (fraîche ou surgelée)","title":null,"original_text":null,"reference_id":"24b8b7ff-d534-450c-88f0-3069a3db7540"},{"quantity":0.0,"unit":null,"food":null,"note":"60 g de parmesan râpé","display":"60 g de parmesan râpé","title":null,"original_text":null,"reference_id":"990d6c87-007c-4394-bb71-8b4c5e1322dc"}],"recipe_instructions":[{"id":"74d9cb44-c107-410a-833f-da75788dcf18","title":"","summary":"","text":"Hacher l'oseille (après l'avoir lavée) ; si c'est de l'oseille surgelée il faut la faire décongeler. Dans un saladier battre les oeufs et ajouter le crème le sel et le poivre. Bien mélanger, ajouter l'oseille et la moitié du parmesan et remélanger.","ingredient_references":[]},{"id":"120e3d7e-305a-4920-aa53-52ea05d5b145","title":"","summary":"","text":"Mettre la pâte brisée dans un moule beurré, la cuire à blanc (vous pouvez recouvrir d'haricots secs) pendant 5 min à four chaud (thermostat 7/210°C).","ingredient_references":[]},{"id":"3eb251e1-ece1-4b45-a6da-33e8a5b616c4","title":"","summary":"","text":"Retirer du four et mettre la préparation sur le fond de tarte puis saupoudrer avec le reste du parmesan et hop, encore au four, mais cette fois-ci pour 30 min.","ingredient_references":[]}],"nutrition":{"calories":null,"carbohydrate_content":null,"cholesterol_content":null,"fat_content":null,"fiber_content":null,"protein_content":null,"saturated_fat_content":null,"sodium_content":null,"sugar_content":null,"trans_fat_content":null,"unsaturated_fat_content":null},"settings":{"public":false,"show_nutrition":false,"show_assets":false,"landscape_view":false,"disable_comments":false,"locked":false},"assets":[],"notes":[],"extras":{},"comments":[]}